lcType,pixelCount,pixelTotal,percentage
Tree cover,2875778,7327540.855599999,39.25
Grassland,2079368,7327540.855599999,28.38
Built-up,804536,7327540.855599999,10.98
Mangroves,502555,7327540.855599999,6.86
Permanent water bodies,444102,7327540.855599999,6.06
Herbaceous wetland,335496,7327540.855599999,4.58
Shrubland,120085,7327540.855599999,1.64
Bare / sparse vegetation,89331,7327540.855599999,1.22
Cropland,76291,7327540.855599999,1.04
