type,exposed_dense_pop_pct
coastal_2020,2.3604102230180692
fluvial_2020,0.6131640349449238
pluvial_2020,29.04661131911661
comb_2020,30.73236022934867
